VolunteerID,First_name,Last_name,Group_leaderID
110,Charlotte,Taylor,GL01
111,Noah,Moore,GL01
112,Marria,Wilson,GL01
113,Ava,Taylor,GL01
115,Lucy,Thomas,GL02
116,Zoro,Noan,GL02
117,Sanji,Vinsmoke,GL02
118,Jinbee,King,GL02
119,Ava,Anderson,GL03
120,Donna ,Paulsen,GL03
121,Alex ,Williams ,GL03
122,Sheila ,Sazs,GL03
123,Faye ,Richardson,GL03
124,Liam,Johnson,GL04
125,Olivia,Martinez,GL04
126,Ethan,Anderson,GL04
127,Sophia,Thompson,GL04
128,Jackson,Garcia,GL04
129,Mary,Zhang,GL04
130,Harper,Martin,GL04
131,Isabella,Hernandez,GL05
132,Sophia,Martinez,GL05
133,Jackson,Brown,GL05
134,Isabella,Rodriguez,GL05
135,Harper,Smith,GL05
136,Elijah,Lewis,GL05
137,Ethan,Wilson,GL05
